"Pass []","re(Mode(1)) [g]"
1,2.68962934972989
2,3.52054246985812
3,3.7091165722313
4,3.73988719635575
5,3.75571884756861
6,3.76410289381477
7,3.77009748583898
8,3.77458761060613
9,3.77748491944116
10,3.77964488407092
11,
12,
13,
14,
15,
